! Anritsu VNA Master:             ,Model: MS2036C/10/77
! SN:             ,1601066
! /card0/usr/256.ew.sma.me.csv
! Existing Calibration Information:
! TYPE:             ,Current Settings,Active Cal Settings
! TIME:             ,12/19/2017 02:39:05 PM,12/19/2017 02:22:10 PM
! INTERNAL TEMP:    ,46.0 C,45.0 C
! # POINTS:         ,501,501
! START FREQ:       ,10.000 MHz,10.000 MHz
! STOP FREQ:        ,110.000 MHz,110.000 MHz
! SOURCE POWER:     ,High,High
! IFBW:             ,100 Hz,100 Hz
! AVG FACTOR:       ,  1 ,  1 
! REF PLANE 1:      ,0 mm,0 mm
! REF PLANE 2:      ,0 mm,0 mm
! CAL TYPE:         ,Full S11,Full S11
! CAL METHOD:       ,SOLT,SOLT
! CAL LINE TYPE:    ,Coax,Coax
! DUT PORT 1:       ,N-Conn(F),N-Conn(F)
! DUT PORT 2:       ,K-Conn(F),K-Conn(F)
! CAL STATUS:       ,OK: Accuracy High,--
! PROP-V:       ,0.700
! CABLE LOSS:       ,0.000 dB/m
! REF IMPEDANCE:       ,50.0
! Trace Specific Parameters:,TR1,TR2,TR3,TR4
! TRACE.#.Y (GRAPH TYPE),LOG MAG,PHASE,REAL IMPEDANCE,IMAGINARY IMPEDANCE
! TRACE.#.X ,FREQ.GHZ,FREQ.GHZ,FREQ.GHZ,FREQ.GHZ
! S-PARAMETER,S11,S11,S11,S11
! SMOOTH/APERTURE %,0,0,0,0
! WINDOW,NSL,NSL,NSL,NSL
! GATING,OFF,OFF,OFF,OFF
! FGTD,OFF,OFF,OFF,OFF
Marker Information per Trace:,TR1,TR2,TR3,TR4
!MK1,--,--,--,--
!MK2,--,--,--,--
!MK3,--,--,--,--
!MK4,--,--,--,--
!MK5,--,--,--,--
!MK6,--,--,--,--
!MK7,--,--,--,--
!MK8,--,--,--,--
PNT,TR1.FREQ.GHZ,TR1.LOG MAG.dB,TR2.FREQ.GHZ,TR2.PHASE.deg,TR3.FREQ.GHZ,TR3.REAL IMPEDANCE.ohm,TR4.FREQ.GHZ,TR4.IMAGINARY IMPEDANCE.ohm
1,  0.010000000,-5.980000E-01,  0.010000000,-5.898000E+01,  0.010000000,7.077000E+00,  0.010000000,-8.797900E+01
2,  0.010200000,-5.850000E-01,  0.010200000,-6.021100E+01,  0.010200000,6.667000E+00,  0.010200000,-8.584600E+01
3,  0.010400000,-5.870000E-01,  0.010400000,-6.147100E+01,  0.010400000,6.454000E+00,  0.010400000,-8.372200E+01
4,  0.010600000,-5.900000E-01,  0.010600000,-6.273900E+01,  0.010600000,6.248000E+00,  0.010600000,-8.166300E+01
5,  0.010800000,-5.900000E-01,  0.010800000,-6.403500E+01,  0.010800000,6.022000E+00,  0.010800000,-7.963400E+01
6,  0.011000001,-5.920000E-01,  0.011000001,-6.529100E+01,  0.011000001,5.845000E+00,  0.011000001,-7.773400E+01
7,  0.011200000,-5.910000E-01,  0.011200000,-6.658500E+01,  0.011200000,5.630000E+00,  0.011200000,-7.584700E+01
8,  0.011399999,-5.930000E-01,  0.011399999,-6.783500E+01,  0.011399999,5.473000E+00,  0.011399999,-7.408000E+01
9,  0.011600000,-5.920000E-01,  0.011600000,-6.910100E+01,  0.011600000,5.287000E+00,  0.011600000,-7.235000E+01
10,  0.011800000,-5.900000E-01,  0.011800000,-7.035100E+01,  0.011800000,5.111000E+00,  0.011800000,-7.069600E+01
11,  0.012000000,-5.910000E-01,  0.012000000,-7.162100E+01,  0.012000000,4.963000E+00,  0.012000000,-6.906500E+01
12,  0.012200000,-5.880000E-01,  0.012200000,-7.290300E+01,  0.012200000,4.789000E+00,  0.012200000,-6.747000E+01
13,  0.012400000,-5.860000E-01,  0.012400000,-7.420300E+01,  0.012400000,4.629000E+00,  0.012400000,-6.590100E+01
14,  0.012600001,-5.840000E-01,  0.012600001,-7.548600E+01,  0.012600001,4.480000E+00,  0.012600001,-6.439700E+01
15,  0.012800000,-5.820000E-01,  0.012800000,-7.675600E+01,  0.012800000,4.341000E+00,  0.012800000,-6.294900E+01
16,  0.012999999,-5.820000E-01,  0.012999999,-7.805000E+01,  0.012999999,4.219000E+00,  0.012999999,-6.151400E+01
17,  0.013200000,-5.810000E-01,  0.013200000,-7.932700E+01,  0.013200000,4.102000E+00,  0.013200000,-6.013600E+01
18,  0.013400001,-5.780000E-01,  0.013400001,-8.063400E+01,  0.013400001,3.970000E+00,  0.013400001,-5.876600E+01
19,  0.013600000,-5.730000E-01,  0.013600000,-8.191500E+01,  0.013600000,3.835000E+00,  0.013600000,-5.745800E+01
20,  0.013800000,-5.730000E-01,  0.013800000,-8.318600E+01,  0.013800000,3.736000E+00,  0.013800000,-5.619100E+01
21,  0.014000000,-5.720000E-01,  0.014000000,-8.450500E+01,  0.014000000,3.637000E+00,  0.014000000,-5.490800E+01
22,  0.014200001,-5.720000E-01,  0.014200001,-8.581600E+01,  0.014200001,3.548000E+00,  0.014200001,-5.366500E+01
23,  0.014400000,-5.740000E-01,  0.014400000,-8.712500E+01,  0.014400000,3.475000E+00,  0.014400000,-5.245300E+01
24,  0.014599999,-5.800000E-01,  0.014599999,-8.845700E+01,  0.014599999,3.430000E+00,  0.014599999,-5.124700E+01
25,  0.014800000,-5.820000E-01,  0.014800000,-8.979000E+01,  0.014800000,3.362000E+00,  0.014800000,-5.006900E+01
26,  0.015000001,-5.850000E-01,  0.015000001,-9.112700E+01,  0.015000001,3.302000E+00,  0.015000001,-4.891600E+01
27,  0.015200000,-5.860000E-01,  0.015200000,-9.248500E+01,  0.015200000,3.230000E+00,  0.015200000,-4.777200E+01
28,  0.015400000,-5.840000E-01,  0.015400000,-9.382300E+01,  0.015400000,3.151000E+00,  0.015400000,-4.667100E+01
29,  0.015600001,-5.760000E-01,  0.015600001,-9.512900E+01,  0.015600001,3.040000E+00,  0.015600001,-4.562000E+01
30,  0.015800001,-5.780000E-01,  0.015800001,-9.647800E+01,  0.015800001,2.987000E+00,  0.015800001,-4.455400E+01
31,  0.016000001,-5.790000E-01,  0.016000001,-9.783800E+01,  0.016000001,2.933000E+00,  0.016000001,-4.350300E+01
32,  0.016200000,-5.790000E-01,  0.016200000,-9.918600E+01,  0.016200000,2.874000E+00,  0.016200000,-4.248200E+01
33,  0.016400000,-5.770000E-01,  0.016400000,-1.005490E+02,  0.016400000,2.808000E+00,  0.016400000,-4.147000E+01
34,  0.016600000,-5.740000E-01,  0.016600000,-1.019440E+02,  0.016600000,2.737000E+00,  0.016600000,-4.045600E+01
35,  0.016799999,-5.730000E-01,  0.016799999,-1.033280E+02,  0.016799999,2.680000E+00,  0.016799999,-3.946800E+01
36,  0.016999999,-5.730000E-01,  0.016999999,-1.047350E+02,  0.016999999,2.628000E+00,  0.016999999,-3.848300E+01
37,  0.017200001,-5.720000E-01,  0.017200001,-1.060970E+02,  0.017200001,2.577000E+00,  0.017200001,-3.754700E+01
38,  0.017400000,-5.750000E-01,  0.017400000,-1.074840E+02,  0.017400000,2.544000E+00,  0.017400000,-3.661000E+01
39,  0.017600000,-5.800000E-01,  0.017600000,-1.088490E+02,  0.017600000,2.523000E+00,  0.017600000,-3.570300E+01
40,  0.017800000,-5.810000E-01,  0.017800000,-1.102380E+02,  0.017800000,2.484000E+00,  0.017800000,-3.479700E+01
41,  0.017999999,-5.880000E-01,  0.017999999,-1.116320E+02,  0.017999999,2.470000E+00,  0.017999999,-3.390200E+01
42,  0.018200001,-5.900000E-01,  0.018200001,-1.130310E+02,  0.018200001,2.439000E+00,  0.018200001,-3.301900E+01
43,  0.018400000,-5.890000E-01,  0.018400000,-1.144560E+02,  0.018400000,2.397000E+00,  0.018400000,-3.213500E+01
44,  0.018600000,-5.890000E-01,  0.018600000,-1.158650E+02,  0.018600000,2.362000E+00,  0.018600000,-3.127400E+01
45,  0.018800002,-5.910000E-01,  0.018800002,-1.172950E+02,  0.018800002,2.330000E+00,  0.018800002,-3.041400E+01
46,  0.019000001,-5.910000E-01,  0.019000001,-1.187200E+02,  0.019000001,2.299000E+00,  0.019000001,-2.957000E+01
47,  0.019200001,-5.930000E-01,  0.019200001,-1.201340E+02,  0.019200001,2.272000E+00,  0.019200001,-2.874400E+01
48,  0.019399999,-5.980000E-01,  0.019399999,-1.215880E+02,  0.019399999,2.257000E+00,  0.019399999,-2.790700E+01
49,  0.019599998,-5.980000E-01,  0.019599998,-1.230590E+02,  0.019599998,2.228000E+00,  0.019599998,-2.707200E+01
50,  0.019800000,-5.980000E-01,  0.019800000,-1.245180E+02,  0.019800000,2.195000E+00,  0.019800000,-2.625600E+01
51,  0.020000000,-5.960000E-01,  0.020000000,-1.259830E+02,  0.020000000,2.162000E+00,  0.020000000,-2.544700E+01
52,  0.020199999,-5.930000E-01,  0.020199999,-1.274210E+02,  0.020199999,2.125000E+00,  0.020199999,-2.466300E+01
53,  0.020400001,-5.940000E-01,  0.020400001,-1.288800E+02,  0.020400001,2.101000E+00,  0.020400001,-2.387800E+01
54,  0.020600000,-5.980000E-01,  0.020600000,-1.303430E+02,  0.020600000,2.089000E+00,  0.020600000,-2.309900E+01
55,  0.020800000,-6.030000E-01,  0.020800000,-1.318410E+02,  0.020800000,2.083000E+00,  0.020800000,-2.231200E+01
56,  0.021000000,-6.100000E-01,  0.021000000,-1.333470E+02,  0.021000000,2.080000E+00,  0.021000000,-2.152800E+01
57,  0.021199999,-6.170000E-01,  0.021199999,-1.348750E+02,  0.021199999,2.083000E+00,  0.021199999,-2.074300E+01
58,  0.021400001,-6.220000E-01,  0.021400001,-1.364050E+02,  0.021400001,2.078000E+00,  0.021400001,-1.996500E+01
59,  0.021600001,-6.270000E-01,  0.021600001,-1.379260E+02,  0.021600001,2.070000E+00,  0.021600001,-1.920100E+01
60,  0.021800000,-6.320000E-01,  0.021800000,-1.394490E+02,  0.021800000,2.068000E+00,  0.021800000,-1.844300E+01
61,  0.022000002,-6.390000E-01,  0.022000002,-1.409900E+02,  0.022000002,2.071000E+00,  0.022000002,-1.768300E+01
62,  0.022200001,-6.420000E-01,  0.022200001,-1.425500E+02,  0.022200001,2.060000E+00,  0.022200001,-1.692200E+01
63,  0.022399999,-6.470000E-01,  0.022399999,-1.441410E+02,  0.022399999,2.056000E+00,  0.022399999,-1.615300E+01
64,  0.022599999,-6.530000E-01,  0.022599999,-1.457190E+02,  0.022599999,2.059000E+00,  0.022599999,-1.539600E+01
65,  0.022799999,-6.600000E-01,  0.022799999,-1.473060E+02,  0.022799999,2.064000E+00,  0.022799999,-1.464200E+01
66,  0.023000000,-6.620000E-01,  0.023000000,-1.488960E+02,  0.023000000,2.052000E+00,  0.023000000,-1.389300E+01
67,  0.023200000,-6.640000E-01,  0.023200000,-1.504810E+02,  0.023200000,2.044000E+00,  0.023200000,-1.315100E+01
68,  0.023399999,-6.640000E-01,  0.023399999,-1.520820E+02,  0.023399999,2.029000E+00,  0.023399999,-1.240800E+01
69,  0.023600001,-6.710000E-01,  0.023600001,-1.536720E+02,  0.023600001,2.036000E+00,  0.023600001,-1.167500E+01
70,  0.023800001,-6.820000E-01,  0.023800001,-1.552710E+02,  0.023800001,2.056000E+00,  0.023800001,-1.094200E+01
71,  0.024000000,-6.910000E-01,  0.024000000,-1.568970E+02,  0.024000000,2.071000E+00,  0.024000000,-1.020200E+01
72,  0.024200000,-7.010000E-01,  0.024200000,-1.585370E+02,  0.024200000,2.089000E+00,  0.024200000,-9.459000E+00
73,  0.024400000,-7.110000E-01,  0.024400000,-1.601880E+02,  0.024400000,2.108000E+00,  0.024400000,-8.716000E+00
74,  0.024600001,-7.190000E-01,  0.024600001,-1.618370E+02,  0.024600001,2.122000E+00,  0.024600001,-7.977000E+00
75,  0.024800001,-7.280000E-01,  0.024800001,-1.634800E+02,  0.024800001,2.139000E+00,  0.024800001,-7.245000E+00
76,  0.025000000,-7.390000E-01,  0.025000000,-1.651280E+02,  0.025000000,2.163000E+00,  0.025000000,-6.513000E+00
77,  0.025200002,-7.500000E-01,  0.025200002,-1.667850E+02,  0.025200002,2.186000E+00,  0.025200002,-5.780000E+00
78,  0.025400000,-7.640000E-01,  0.025400000,-1.684720E+02,  0.025400000,2.222000E+00,  0.025400000,-5.037000E+00
79,  0.025599999,-7.790000E-01,  0.025599999,-1.701730E+02,  0.025599999,2.258000E+00,  0.025599999,-4.289000E+00
80,  0.025799999,-7.900000E-01,  0.025799999,-1.718740E+02,  0.025799999,2.284000E+00,  0.025799999,-3.544000E+00
81,  0.025999999,-8.010000E-01,  0.025999999,-1.735940E+02,  0.025999999,2.312000E+00,  0.025999999,-2.791000E+00
82,  0.026200000,-8.120000E-01,  0.026200000,-1.753050E+02,  0.026200000,2.339000E+00,  0.026200000,-2.044000E+00
83,  0.026400000,-8.270000E-01,  0.026400000,-1.770240E+02,  0.026400000,2.381000E+00,  0.026400000,-1.295000E+00
84,  0.026600000,-8.400000E-01,  0.026600000,-1.787640E+02,  0.026600000,2.417000E+00,  0.026600000,-5.380000E-01
85,  0.026800001,-8.560000E-01,  0.026800001,1.794960E+02,  0.026800001,2.463000E+00,  0.026800001,2.180000E-01
86,  0.027000001,-8.730000E-01,  0.027000001,1.777440E+02,  0.027000001,2.513000E+00,  0.027000001,9.810000E-01
87,  0.027200000,-8.900000E-01,  0.027200000,1.759740E+02,  0.027200000,2.562000E+00,  0.027200000,1.752000E+00
88,  0.027400000,-9.030000E-01,  0.027400000,1.741870E+02,  0.027400000,2.603000E+00,  0.027400000,2.531000E+00
89,  0.027600000,-9.200000E-01,  0.027600000,1.724050E+02,  0.027600000,2.658000E+00,  0.027600000,3.309000E+00
90,  0.027800001,-9.390000E-01,  0.027800001,1.706030E+02,  0.027800001,2.718000E+00,  0.027800001,4.096000E+00
91,  0.028000001,-9.610000E-01,  0.028000001,1.687800E+02,  0.028000001,2.790000E+00,  0.028000001,4.895000E+00
92,  0.028200001,-9.830000E-01,  0.028200001,1.669650E+02,  0.028200001,2.864000E+00,  0.028200001,5.693000E+00
93,  0.028400002,-1.007000E+00,  0.028400002,1.651500E+02,  0.028400002,2.944000E+00,  0.028400002,6.493000E+00
94,  0.028600000,-1.025000E+00,  0.028600000,1.633130E+02,  0.028600000,3.009000E+00,  0.028600000,7.306000E+00
95,  0.028800000,-1.044000E+00,  0.028800000,1.614910E+02,  0.028800000,3.082000E+00,  0.028800000,8.116000E+00
96,  0.028999999,-1.064000E+00,  0.028999999,1.596730E+02,  0.028999999,3.157000E+00,  0.028999999,8.928000E+00
97,  0.029199999,-1.085000E+00,  0.029199999,1.578420E+02,  0.029199999,3.238000E+00,  0.029199999,9.750000E+00
98,  0.029400000,-1.107000E+00,  0.029400000,1.560190E+02,  0.029400000,3.326000E+00,  0.029400000,1.057300E+01
99,  0.029600000,-1.134000E+00,  0.029600000,1.541680E+02,  0.029600000,3.431000E+00,  0.029600000,1.141400E+01
100,  0.029800000,-1.164000E+00,  0.029800000,1.522970E+02,  0.029800000,3.549000E+00,  0.029800000,1.227000E+01
101,  0.030000001,-1.194000E+00,  0.030000001,1.503960E+02,  0.030000001,3.671000E+00,  0.030000001,1.314500E+01
102,  0.030200001,-1.222000E+00,  0.030200001,1.484720E+02,  0.030200001,3.792000E+00,  0.030200001,1.403800E+01
103,  0.030400001,-1.252000E+00,  0.030400001,1.465360E+02,  0.030400001,3.923000E+00,  0.030400001,1.494500E+01
104,  0.030600000,-1.284000E+00,  0.030600000,1.446160E+02,  0.030600000,4.064000E+00,  0.030600000,1.585300E+01
105,  0.030800000,-1.317000E+00,  0.030800000,1.427020E+02,  0.030800000,4.213000E+00,  0.030800000,1.676600E+01
106,  0.031000001,-1.351000E+00,  0.031000001,1.407590E+02,  0.031000001,4.373000E+00,  0.031000001,1.770300E+01
107,  0.031200001,-1.380000E+00,  0.031200001,1.388420E+02,  0.031200001,4.518000E+00,  0.031200001,1.863700E+01
108,  0.031399999,-1.424000E+00,  0.031399999,1.368780E+02,  0.031399999,4.723000E+00,  0.031399999,1.960400E+01
109,  0.031600002,-1.460000E+00,  0.031600002,1.348420E+02,  0.031600002,4.914000E+00,  0.031600002,2.061900E+01
110,  0.031800002,-1.495000E+00,  0.031800002,1.328440E+02,  0.031800002,5.104000E+00,  0.031800002,2.162900E+01
111,  0.032000002,-1.531000E+00,  0.032000002,1.308480E+02,  0.032000002,5.307000E+00,  0.032000002,2.265200E+01
112,  0.032200001,-1.566000E+00,  0.032200001,1.288590E+02,  0.032200001,5.514000E+00,  0.032200001,2.368700E+01
113,  0.032400001,-1.598000E+00,  0.032400001,1.268790E+02,  0.032400001,5.722000E+00,  0.032400001,2.473200E+01
114,  0.032600001,-1.633000E+00,  0.032600001,1.248990E+02,  0.032600001,5.950000E+00,  0.032600001,2.579300E+01
115,  0.032800000,-1.671000E+00,  0.032800000,1.229300E+02,  0.032800000,6.195000E+00,  0.032800000,2.686400E+01
116,  0.033000000,-1.715000E+00,  0.033000000,1.209530E+02,  0.033000000,6.481000E+00,  0.033000000,2.795300E+01
117,  0.033199999,-1.764000E+00,  0.033199999,1.189840E+02,  0.033199999,6.794000E+00,  0.033199999,2.905500E+01
118,  0.033399999,-1.812000E+00,  0.033399999,1.169430E+02,  0.033399999,7.125000E+00,  0.033399999,3.021900E+01
119,  0.033599999,-1.866000E+00,  0.033599999,1.149380E+02,  0.033599999,7.492000E+00,  0.033599999,3.137900E+01
120,  0.033799998,-1.918000E+00,  0.033799998,1.128880E+02,  0.033799998,7.875000E+00,  0.033799998,3.259000E+01
121,  0.033999998,-1.964000E+00,  0.033999998,1.107960E+02,  0.033999998,8.258000E+00,  0.033999998,3.385300E+01
122,  0.034200002,-2.020000E+00,  0.034200002,1.086680E+02,  0.034200002,8.709000E+00,  0.034200002,3.515900E+01
123,  0.034400001,-2.070000E+00,  0.034400001,1.065540E+02,  0.034400001,9.160000E+00,  0.034400001,3.648900E+01
124,  0.034600001,-2.117000E+00,  0.034600001,1.044080E+02,  0.034600001,9.627000E+00,  0.034600001,3.787200E+01
125,  0.034800000,-2.158000E+00,  0.034800000,1.023010E+02,  0.034800000,1.009200E+01,  0.034800000,3.926600E+01
126,  0.035000000,-2.203000E+00,  0.035000000,1.001870E+02,  0.035000000,1.060400E+01,  0.035000000,4.069600E+01
127,  0.035200000,-2.242000E+00,  0.035200000,9.807100E+01,  0.035200000,1.111800E+01,  0.035200000,4.217000E+01
128,  0.035399999,-2.290000E+00,  0.035399999,9.596500E+01,  0.035399999,1.171100E+01,  0.035399999,4.366400E+01
129,  0.035599999,-2.332000E+00,  0.035599999,9.389100E+01,  0.035599999,1.230800E+01,  0.035599999,4.517900E+01
130,  0.035799999,-2.372000E+00,  0.035799999,9.180800E+01,  0.035799999,1.293400E+01,  0.035799999,4.674500E+01
131,  0.035999998,-2.416000E+00,  0.035999998,8.975700E+01,  0.035999998,1.361800E+01,  0.035999998,4.832100E+01
132,  0.036200002,-2.466000E+00,  0.036200002,8.772100E+01,  0.036200002,1.437700E+01,  0.036200002,4.991800E+01
133,  0.036400001,-2.516000E+00,  0.036400001,8.567400E+01,  0.036400001,1.519200E+01,  0.036400001,5.156700E+01
134,  0.036600001,-2.570000E+00,  0.036600001,8.363700E+01,  0.036600001,1.608700E+01,  0.036600001,5.324300E+01
135,  0.036800001,-2.625000E+00,  0.036800001,8.161600E+01,  0.036800001,1.704200E+01,  0.036800001,5.494800E+01
136,  0.037000000,-2.684000E+00,  0.037000000,7.953800E+01,  0.037000000,1.811600E+01,  0.037000000,5.674000E+01
137,  0.037200000,-2.743000E+00,  0.037200000,7.744900E+01,  0.037200000,1.927200E+01,  0.037200000,5.859000E+01
138,  0.037400000,-2.810000E+00,  0.037400000,7.536800E+01,  0.037400000,2.057400E+01,  0.037400000,6.045600E+01
139,  0.037600003,-2.867000E+00,  0.037600003,7.324600E+01,  0.037600003,2.192300E+01,  0.037600003,6.244200E+01
140,  0.037800003,-2.929000E+00,  0.037800003,7.111700E+01,  0.037800003,2.341800E+01,  0.037800003,6.447300E+01
141,  0.038000003,-2.988000E+00,  0.038000003,6.897300E+01,  0.038000003,2.502900E+01,  0.038000003,6.657800E+01
142,  0.038200002,-3.047000E+00,  0.038200002,6.680800E+01,  0.038200002,2.678500E+01,  0.038200002,6.876500E+01
143,  0.038400002,-3.098000E+00,  0.038400002,6.464100E+01,  0.038400002,2.864500E+01,  0.038400002,7.103600E+01
144,  0.038600001,-3.149000E+00,  0.038600001,6.251800E+01,  0.038600001,3.063000E+01,  0.038600001,7.331700E+01
145,  0.038799997,-3.199000E+00,  0.038799997,6.040600E+01,  0.038799997,3.277500E+01,  0.038799997,7.564100E+01
146,  0.038999997,-3.242000E+00,  0.038999997,5.833100E+01,  0.038999997,3.501800E+01,  0.038999997,7.801100E+01
147,  0.039199997,-3.295000E+00,  0.039199997,5.630600E+01,  0.039199997,3.749800E+01,  0.039199997,8.029800E+01
148,  0.039400000,-3.341000E+00,  0.039400000,5.428300E+01,  0.039400000,4.013700E+01,  0.039400000,8.265700E+01
149,  0.039600000,-3.397000E+00,  0.039600000,5.227400E+01,  0.039600000,4.308600E+01,  0.039600000,8.493600E+01
150,  0.039799999,-3.460000E+00,  0.039799999,5.022400E+01,  0.039799999,4.641200E+01,  0.039799999,8.721200E+01
151,  0.039999999,-3.515000E+00,  0.039999999,4.817100E+01,  0.039999999,4.996800E+01,  0.039999999,8.953500E+01
152,  0.040199999,-3.578000E+00,  0.040199999,4.610900E+01,  0.040199999,5.393600E+01,  0.040199999,9.173900E+01
153,  0.040399998,-3.638000E+00,  0.040399998,4.401500E+01,  0.040399998,5.829600E+01,  0.040399998,9.393000E+01
154,  0.040599998,-3.700000E+00,  0.040599998,4.193700E+01,  0.040599998,6.303400E+01,  0.040599998,9.594800E+01
155,  0.040800001,-3.759000E+00,  0.040800001,3.986800E+01,  0.040800001,6.813400E+01,  0.040800001,9.783700E+01
156,  0.041000001,-3.816000E+00,  0.041000001,3.778900E+01,  0.041000001,7.369300E+01,  0.041000001,9.952200E+01
157,  0.041200001,-3.871000E+00,  0.041200001,3.571500E+01,  0.041200001,7.967600E+01,  0.041200001,1.009690E+02
158,  0.041400000,-3.928000E+00,  0.041400000,3.363100E+01,  0.041400000,8.619200E+01,  0.041400000,1.020180E+02
159,  0.041600000,-3.983000E+00,  0.041600000,3.153100E+01,  0.041600000,9.323300E+01,  0.041600000,1.026730E+02
160,  0.041800000,-4.036000E+00,  0.041800000,2.944500E+01,  0.041800000,1.007080E+02,  0.041800000,1.028010E+02
161,  0.041999999,-4.085000E+00,  0.041999999,2.739300E+01,  0.041999999,1.085120E+02,  0.041999999,1.023430E+02
162,  0.042199999,-4.135000E+00,  0.042199999,2.536900E+01,  0.042199999,1.166150E+02,  0.042199999,1.010830E+02
163,  0.042399999,-4.186000E+00,  0.042399999,2.334500E+01,  0.042399999,1.250370E+02,  0.042399999,9.892800E+01
164,  0.042600002,-4.233000E+00,  0.042600002,2.131800E+01,  0.042600002,1.336980E+02,  0.042600002,9.587800E+01
165,  0.042800002,-4.285000E+00,  0.042800002,1.930800E+01,  0.042800002,1.423260E+02,  0.042800002,9.162300E+01
166,  0.043000001,-4.333000E+00,  0.043000001,1.728400E+01,  0.043000001,1.509370E+02,  0.043000001,8.627500E+01
167,  0.043200001,-4.382000E+00,  0.043200001,1.528100E+01,  0.043200001,1.591010E+02,  0.043200001,7.967800E+01
168,  0.043400001,-4.428000E+00,  0.043400001,1.329200E+01,  0.043400001,1.667400E+02,  0.043400001,7.204100E+01
169,  0.043600000,-4.476000E+00,  0.043600000,1.128500E+01,  0.043600000,1.735790E+02,  0.043600000,6.308000E+01
170,  0.043800000,-4.527000E+00,  0.043800000,9.309000E+00,  0.043800000,1.791970E+02,  0.043800000,5.317700E+01
171,  0.044000003,-4.574000E+00,  0.044000003,7.340000E+00,  0.044000003,1.836520E+02,  0.044000003,4.256300E+01
172,  0.044200003,-4.618000E+00,  0.044200003,5.358000E+00,  0.044200003,1.868230E+02,  0.044200003,3.131500E+01
173,  0.044400003,-4.664000E+00,  0.044400003,3.418000E+00,  0.044400003,1.884070E+02,  0.044400003,1.994800E+01
174,  0.044600002,-4.704000E+00,  0.044600002,1.464000E+00,  0.044600002,1.886920E+02,  0.044600002,8.479000E+00
175,  0.044799998,-4.748000E+00,  0.044799998,-5.090000E-01,  0.044799998,1.874150E+02,  0.044799998,-2.904000E+00
176,  0.044999998,-4.787000E+00,  0.044999998,-2.434000E+00,  0.044999998,1.849200E+02,  0.044999998,-1.355500E+01
177,  0.045199998,-4.827000E+00,  0.045199998,-4.354000E+00,  0.045199998,1.812350E+02,  0.045199998,-2.353100E+01
178,  0.045399997,-4.864000E+00,  0.045399997,-6.264000E+00,  0.045399997,1.766490E+02,  0.045399997,-3.268400E+01
179,  0.045599997,-4.909000E+00,  0.045599997,-8.131000E+00,  0.045599997,1.711310E+02,  0.045599997,-4.063000E+01
180,  0.045800000,-4.946000E+00,  0.045800000,-1.000000E+01,  0.045800000,1.652550E+02,  0.045800000,-4.777300E+01
181,  0.046000000,-4.982000E+00,  0.046000000,-1.190000E+01,  0.046000000,1.588850E+02,  0.046000000,-5.409700E+01
182,  0.046200000,-5.018000E+00,  0.046200000,-1.374500E+01,  0.046200000,1.524290E+02,  0.046200000,-5.933000E+01
183,  0.046399999,-5.059000E+00,  0.046399999,-1.561300E+01,  0.046399999,1.456910E+02,  0.046399999,-6.365700E+01
184,  0.046599999,-5.093000E+00,  0.046599999,-1.747800E+01,  0.046599999,1.390970E+02,  0.046599999,-6.732400E+01
185,  0.046799999,-5.126000E+00,  0.046799999,-1.930500E+01,  0.046799999,1.327020E+02,  0.046799999,-7.018500E+01
186,  0.046999998,-5.160000E+00,  0.046999998,-2.110700E+01,  0.046999998,1.265220E+02,  0.046999998,-7.235200E+01
187,  0.047200002,-5.197000E+00,  0.047200002,-2.291100E+01,  0.047200002,1.205210E+02,  0.047200002,-7.391900E+01
188,  0.047400001,-5.227000E+00,  0.047400001,-2.469300E+01,  0.047400001,1.148630E+02,  0.047400001,-7.511100E+01
189,  0.047600001,-5.256000E+00,  0.047600001,-2.639800E+01,  0.047600001,1.096700E+02,  0.047600001,-7.585400E+01
190,  0.047800001,-5.281000E+00,  0.047800001,-2.811300E+01,  0.047800001,1.046970E+02,  0.047800001,-7.633700E+01
191,  0.048000000,-5.310000E+00,  0.048000000,-2.983400E+01,  0.048000000,9.992900E+01,  0.048000000,-7.646000E+01
192,  0.048200000,-5.333000E+00,  0.048200000,-3.155400E+01,  0.048200000,9.541500E+01,  0.048200000,-7.643000E+01
193,  0.048400000,-5.357000E+00,  0.048400000,-3.328100E+01,  0.048400000,9.111400E+01,  0.048400000,-7.613600E+01
194,  0.048599999,-5.383000E+00,  0.048599999,-3.499800E+01,  0.048599999,8.707100E+01,  0.048599999,-7.564500E+01
195,  0.048799999,-5.403000E+00,  0.048799999,-3.673600E+01,  0.048799999,8.320200E+01,  0.048799999,-7.506000E+01
196,  0.049000002,-5.429000E+00,  0.049000002,-3.846600E+01,  0.049000002,7.957700E+01,  0.049000002,-7.425600E+01
197,  0.049200002,-5.449000E+00,  0.049200002,-4.014500E+01,  0.049200002,7.624800E+01,  0.049200002,-7.344300E+01
198,  0.049400002,-5.469000E+00,  0.049400002,-4.182300E+01,  0.049400002,7.310900E+01,  0.049400002,-7.252400E+01
199,  0.049600001,-5.487000E+00,  0.049600001,-4.351000E+01,  0.049600001,7.012200E+01,  0.049600001,-7.156200E+01
200,  0.049800001,-5.509000E+00,  0.049800001,-4.515800E+01,  0.049800001,6.738400E+01,  0.049800001,-7.050500E+01
201,  0.050000001,-5.525000E+00,  0.050000001,-4.681600E+01,  0.050000001,6.476500E+01,  0.050000001,-6.945600E+01
202,  0.050200000,-5.543000E+00,  0.050200000,-4.850000E+01,  0.050200000,6.225700E+01,  0.050200000,-6.833300E+01
203,  0.050400004,-5.552000E+00,  0.050400004,-5.018100E+01,  0.050400004,5.986300E+01,  0.050400004,-6.725800E+01
204,  0.050600003,-5.560000E+00,  0.050600003,-5.184200E+01,  0.050600003,5.762600E+01,  0.050600003,-6.616600E+01
205,  0.050799999,-5.569000E+00,  0.050799999,-5.344500E+01,  0.050799999,5.558400E+01,  0.050799999,-6.508200E+01
206,  0.050999999,-5.573000E+00,  0.050999999,-5.505900E+01,  0.050999999,5.361500E+01,  0.050999999,-6.401300E+01
207,  0.051199999,-5.578000E+00,  0.051199999,-5.665700E+01,  0.051199999,5.177300E+01,  0.051199999,-6.292400E+01
208,  0.051399998,-5.580000E+00,  0.051399998,-5.823400E+01,  0.051399998,5.003400E+01,  0.051399998,-6.186200E+01
209,  0.051599998,-5.582000E+00,  0.051599998,-5.979800E+01,  0.051599998,4.839300E+01,  0.051599998,-6.080400E+01
210,  0.051799998,-5.587000E+00,  0.051799998,-6.134900E+01,  0.051799998,4.686200E+01,  0.051799998,-5.972300E+01
211,  0.051999997,-5.593000E+00,  0.051999997,-6.289400E+01,  0.051999997,4.541500E+01,  0.051999997,-5.864400E+01
212,  0.052200001,-5.599000E+00,  0.052200001,-6.444700E+01,  0.052200001,4.403500E+01,  0.052200001,-5.755300E+01
213,  0.052400000,-5.602000E+00,  0.052400000,-6.604100E+01,  0.052400000,4.267400E+01,  0.052400000,-5.646100E+01
214,  0.052600000,-5.611000E+00,  0.052600000,-6.762100E+01,  0.052600000,4.141600E+01,  0.052600000,-5.535000E+01
215,  0.052800000,-5.617000E+00,  0.052800000,-6.921100E+01,  0.052800000,4.020000E+01,  0.052800000,-5.425500E+01
216,  0.052999999,-5.626000E+00,  0.052999999,-7.078500E+01,  0.052999999,3.907000E+01,  0.052999999,-5.316300E+01
217,  0.053199999,-5.631000E+00,  0.053199999,-7.237700E+01,  0.053199999,3.796600E+01,  0.053199999,-5.208600E+01
218,  0.053399999,-5.636000E+00,  0.053399999,-7.393600E+01,  0.053399999,3.693700E+01,  0.053399999,-5.104200E+01
219,  0.053600002,-5.641000E+00,  0.053600002,-7.551900E+01,  0.053600002,3.594300E+01,  0.053600002,-4.999000E+01
220,  0.053800002,-5.639000E+00,  0.053800002,-7.708300E+01,  0.053800002,3.497800E+01,  0.053800002,-4.899000E+01
221,  0.054000001,-5.645000E+00,  0.054000001,-7.861200E+01,  0.054000001,3.410600E+01,  0.054000001,-4.799300E+01
222,  0.054200001,-5.648000E+00,  0.054200001,-8.012800E+01,  0.054200001,3.327200E+01,  0.054200001,-4.702300E+01
223,  0.054400001,-5.657000E+00,  0.054400001,-8.161900E+01,  0.054400001,3.251500E+01,  0.054400001,-4.605600E+01
224,  0.054600000,-5.664000E+00,  0.054600000,-8.308600E+01,  0.054600000,3.179200E+01,  0.054600000,-4.512600E+01
225,  0.054800000,-5.669000E+00,  0.054800000,-8.454400E+01,  0.054800000,3.109700E+01,  0.054800000,-4.421800E+01
226,  0.055000000,-5.679000E+00,  0.055000000,-8.595700E+01,  0.055000000,3.047200E+01,  0.055000000,-4.333100E+01
227,  0.055199999,-5.691000E+00,  0.055199999,-8.735700E+01,  0.055199999,2.988600E+01,  0.055199999,-4.245900E+01
228,  0.055400003,-5.700000E+00,  0.055400003,-8.880400E+01,  0.055400003,2.929400E+01,  0.055400003,-4.157600E+01
229,  0.055600002,-5.707000E+00,  0.055600002,-9.022600E+01,  0.055600002,2.872700E+01,  0.055600002,-4.072600E+01
230,  0.055800002,-5.718000E+00,  0.055800002,-9.165300E+01,  0.055800002,2.820000E+01,  0.055800002,-3.986900E+01
231,  0.056000002,-5.734000E+00,  0.056000002,-9.305000E+01,  0.056000002,2.772000E+01,  0.056000002,-3.903200E+01
232,  0.056200001,-5.740000E+00,  0.056200001,-9.444800E+01,  0.056200001,2.722600E+01,  0.056200001,-3.822700E+01
233,  0.056400001,-5.751000E+00,  0.056400001,-9.584300E+01,  0.056400001,2.676900E+01,  0.056400001,-3.742100E+01
234,  0.056599997,-5.758000E+00,  0.056599997,-9.722800E+01,  0.056599997,2.632000E+01,  0.056599997,-3.664000E+01
235,  0.056800004,-5.766000E+00,  0.056800004,-9.860400E+01,  0.056800004,2.589300E+01,  0.056800004,-3.587100E+01
236,  0.057000000,-5.772000E+00,  0.057000000,-9.998600E+01,  0.057000000,2.547500E+01,  0.057000000,-3.511100E+01
237,  0.057200000,-5.773000E+00,  0.057200000,-1.013600E+02,  0.057200000,2.505800E+01,  0.057200000,-3.437200E+01
238,  0.057399999,-5.777000E+00,  0.057399999,-1.026780E+02,  0.057399999,2.468200E+01,  0.057399999,-3.366500E+01
239,  0.057599999,-5.780000E+00,  0.057599999,-1.040190E+02,  0.057599999,2.431000E+01,  0.057599999,-3.295500E+01
240,  0.057799999,-5.783000E+00,  0.057799999,-1.052940E+02,  0.057799999,2.397100E+01,  0.057799999,-3.228600E+01
241,  0.057999998,-5.793000E+00,  0.057999998,-1.065710E+02,  0.057999998,2.366700E+01,  0.057999998,-3.161000E+01
242,  0.058199998,-5.796000E+00,  0.058199998,-1.078540E+02,  0.058199998,2.334700E+01,  0.058199998,-3.095000E+01
243,  0.058399998,-5.799000E+00,  0.058399998,-1.090800E+02,  0.058399998,2.305100E+01,  0.058399998,-3.032500E+01
244,  0.058600001,-5.803000E+00,  0.058600001,-1.102900E+02,  0.058600001,2.277400E+01,  0.058600001,-2.971100E+01
245,  0.058800001,-5.811000E+00,  0.058800001,-1.115460E+02,  0.058800001,2.251000E+01,  0.058800001,-2.907300E+01
246,  0.059000000,-5.816000E+00,  0.059000000,-1.127520E+02,  0.059000000,2.225500E+01,  0.059000000,-2.847100E+01
247,  0.059200000,-5.826000E+00,  0.059200000,-1.139870E+02,  0.059200000,2.201900E+01,  0.059200000,-2.785300E+01
248,  0.059400000,-5.833000E+00,  0.059400000,-1.151940E+02,  0.059400000,2.178800E+01,  0.059400000,-2.725700E+01
249,  0.059599999,-5.838000E+00,  0.059599999,-1.164370E+02,  0.059599999,2.154700E+01,  0.059599999,-2.665300E+01
250,  0.059799999,-5.844000E+00,  0.059799999,-1.176070E+02,  0.059799999,2.133700E+01,  0.059799999,-2.608600E+01
251,  0.060000002,-5.848000E+00,  0.060000002,-1.188270E+02,  0.060000002,2.111700E+01,  0.060000002,-2.550300E+01
252,  0.060200002,-5.849000E+00,  0.060200002,-1.200030E+02,  0.060200002,2.090200E+01,  0.060200002,-2.494800E+01
253,  0.060400002,-5.855000E+00,  0.060400002,-1.212020E+02,  0.060400002,2.070400E+01,  0.060400002,-2.438200E+01
254,  0.060600001,-5.855000E+00,  0.060600001,-1.223870E+02,  0.060600001,2.049900E+01,  0.060600001,-2.383300E+01
255,  0.060800001,-5.857000E+00,  0.060800001,-1.235760E+02,  0.060800001,2.030500E+01,  0.060800001,-2.328300E+01
256,  0.061000001,-5.853000E+00,  0.061000001,-1.247400E+02,  0.061000001,2.010600E+01,  0.061000001,-2.275400E+01
257,  0.061200000,-5.853000E+00,  0.061200000,-1.259120E+02,  0.061200000,1.992000E+01,  0.061200000,-2.222100E+01
258,  0.061400000,-5.854000E+00,  0.061400000,-1.270320E+02,  0.061400000,1.975500E+01,  0.061400000,-2.171400E+01
259,  0.061600000,-5.844000E+00,  0.061600000,-1.282160E+02,  0.061600000,1.955100E+01,  0.061600000,-2.119200E+01
260,  0.061800003,-5.849000E+00,  0.061800003,-1.293230E+02,  0.061800003,1.940600E+01,  0.061800003,-2.069300E+01
261,  0.062000003,-5.844000E+00,  0.062000003,-1.304410E+02,  0.062000003,1.923700E+01,  0.062000003,-2.020100E+01
262,  0.062200002,-5.840000E+00,  0.062200002,-1.315410E+02,  0.062200002,1.907900E+01,  0.062200002,-1.971900E+01
263,  0.062400002,-5.833000E+00,  0.062400002,-1.326010E+02,  0.062400002,1.892400E+01,  0.062400002,-1.925800E+01
264,  0.062600002,-5.830000E+00,  0.062600002,-1.337480E+02,  0.062600002,1.877000E+01,  0.062600002,-1.875900E+01
265,  0.062799998,-5.828000E+00,  0.062799998,-1.348540E+02,  0.062799998,1.863000E+01,  0.062799998,-1.828000E+01
266,  0.063000001,-5.822000E+00,  0.063000001,-1.359650E+02,  0.063000001,1.848500E+01,  0.063000001,-1.780200E+01
267,  0.063200004,-5.822000E+00,  0.063200004,-1.371090E+02,  0.063200004,1.835500E+01,  0.063200004,-1.731000E+01
268,  0.063400000,-5.815000E+00,  0.063400000,-1.382300E+02,  0.063400000,1.821200E+01,  0.063400000,-1.683400E+01
269,  0.063600004,-5.803000E+00,  0.063600004,-1.393470E+02,  0.063600004,1.806200E+01,  0.063600004,-1.636600E+01
270,  0.063800000,-5.798000E+00,  0.063800000,-1.404360E+02,  0.063800000,1.793700E+01,  0.063800000,-1.590600E+01
271,  0.064000003,-5.791000E+00,  0.064000003,-1.415300E+02,  0.064000003,1.781000E+01,  0.064000003,-1.544700E+01
272,  0.064199999,-5.783000E+00,  0.064199999,-1.426460E+02,  0.064199999,1.768300E+01,  0.064199999,-1.498100E+01
273,  0.064400002,-5.779000E+00,  0.064400002,-1.437510E+02,  0.064400002,1.757300E+01,  0.064400002,-1.451900E+01
274,  0.064599998,-5.774000E+00,  0.064599998,-1.448130E+02,  0.064599998,1.746600E+01,  0.064599998,-1.407800E+01
275,  0.064800002,-5.765000E+00,  0.064800002,-1.458640E+02,  0.064800002,1.735200E+01,  0.064800002,-1.364500E+01
276,  0.065000005,-5.757000E+00,  0.065000005,-1.469390E+02,  0.065000005,1.724200E+01,  0.065000005,-1.320200E+01
277,  0.065200001,-5.747000E+00,  0.065200001,-1.479880E+02,  0.065200001,1.713300E+01,  0.065200001,-1.277300E+01
278,  0.065400004,-5.751000E+00,  0.065400004,-1.490440E+02,  0.065400004,1.706600E+01,  0.065400004,-1.233500E+01
279,  0.065600000,-5.739000E+00,  0.065600000,-1.501190E+02,  0.065600000,1.695600E+01,  0.065600000,-1.189800E+01
280,  0.065799996,-5.737000E+00,  0.065799996,-1.511540E+02,  0.065799996,1.687900E+01,  0.065799996,-1.147500E+01
281,  0.066000000,-5.737000E+00,  0.066000000,-1.522340E+02,  0.066000000,1.680600E+01,  0.066000000,-1.103300E+01
282,  0.066199996,-5.733000E+00,  0.066199996,-1.532790E+02,  0.066199996,1.672900E+01,  0.066199996,-1.060900E+01
283,  0.066399999,-5.733000E+00,  0.066399999,-1.543250E+02,  0.066399999,1.666700E+01,  0.066399999,-1.018400E+01
284,  0.066600002,-5.731000E+00,  0.066600002,-1.553550E+02,  0.066600002,1.660300E+01,  0.066600002,-9.767000E+00
285,  0.066799998,-5.727000E+00,  0.066799998,-1.564170E+02,  0.066799998,1.653300E+01,  0.066799998,-9.339000E+00
286,  0.067000002,-5.721000E+00,  0.067000002,-1.574680E+02,  0.067000002,1.646300E+01,  0.067000002,-8.917000E+00
287,  0.067199998,-5.728000E+00,  0.067199998,-1.584980E+02,  0.067199998,1.642800E+01,  0.067199998,-8.500000E+00
288,  0.067400001,-5.727000E+00,  0.067400001,-1.595510E+02,  0.067400001,1.637600E+01,  0.067400001,-8.078000E+00
289,  0.067599997,-5.723000E+00,  0.067599997,-1.605710E+02,  0.067599997,1.632000E+01,  0.067599997,-7.670000E+00
290,  0.067800000,-5.728000E+00,  0.067800000,-1.616570E+02,  0.067800000,1.628800E+01,  0.067800000,-7.235000E+00
291,  0.067999996,-5.725000E+00,  0.067999996,-1.626490E+02,  0.067999996,1.623900E+01,  0.067999996,-6.840000E+00
292,  0.068200000,-5.726000E+00,  0.068200000,-1.636970E+02,  0.068200000,1.620200E+01,  0.068200000,-6.423000E+00
293,  0.068400003,-5.727000E+00,  0.068400003,-1.647260E+02,  0.068400003,1.616800E+01,  0.068400003,-6.014000E+00
294,  0.068599999,-5.719000E+00,  0.068599999,-1.657310E+02,  0.068599999,1.611500E+01,  0.068599999,-5.616000E+00
295,  0.068800002,-5.722000E+00,  0.068800002,-1.667600E+02,  0.068800002,1.609000E+01,  0.068800002,-5.208000E+00
296,  0.069000006,-5.722000E+00,  0.069000006,-1.677650E+02,  0.069000006,1.606300E+01,  0.069000006,-4.811000E+00
297,  0.069200002,-5.721000E+00,  0.069200002,-1.687450E+02,  0.069200002,1.603500E+01,  0.069200002,-4.424000E+00
298,  0.069400005,-5.717000E+00,  0.069400005,-1.697740E+02,  0.069400005,1.600100E+01,  0.069400005,-4.018000E+00
299,  0.069600001,-5.726000E+00,  0.069600001,-1.707680E+02,  0.069600001,1.600300E+01,  0.069600001,-3.625000E+00
300,  0.069800004,-5.724000E+00,  0.069800004,-1.717390E+02,  0.069800004,1.598000E+01,  0.069800004,-3.243000E+00
301,  0.070000000,-5.723000E+00,  0.070000000,-1.727200E+02,  0.070000000,1.596000E+01,  0.070000000,-2.857000E+00
302,  0.070200004,-5.724000E+00,  0.070200004,-1.737300E+02,  0.070200004,1.594600E+01,  0.070200004,-2.460000E+00
303,  0.070400000,-5.718000E+00,  0.070400000,-1.747090E+02,  0.070400000,1.592000E+01,  0.070400000,-2.076000E+00
304,  0.070600003,-5.722000E+00,  0.070600003,-1.756780E+02,  0.070600003,1.591900E+01,  0.070600003,-1.695000E+00
305,  0.070799999,-5.723000E+00,  0.070799999,-1.766550E+02,  0.070799999,1.591300E+01,  0.070799999,-1.311000E+00
306,  0.071000002,-5.722000E+00,  0.071000002,-1.776370E+02,  0.071000002,1.590600E+01,  0.071000002,-9.260000E-01
307,  0.071199998,-5.727000E+00,  0.071199998,-1.785690E+02,  0.071199998,1.591600E+01,  0.071199998,-5.610000E-01
308,  0.071399994,-5.733000E+00,  0.071399994,-1.795270E+02,  0.071399994,1.592800E+01,  0.071399994,-1.850000E-01
309,  0.071599998,-5.731000E+00,  0.071599998,1.795390E+02,  0.071599998,1.592200E+01,  0.071599998,1.800000E-01
310,  0.071799994,-5.740000E+00,  0.071799994,1.786510E+02,  0.071799994,1.594900E+01,  0.071799994,5.280000E-01
311,  0.071999997,-5.735000E+00,  0.071999997,1.777200E+02,  0.071999997,1.593900E+01,  0.071999997,8.930000E-01
312,  0.072200000,-5.743000E+00,  0.072200000,1.767740E+02,  0.072200000,1.596400E+01,  0.072200000,1.264000E+00
313,  0.072400004,-5.748000E+00,  0.072400004,1.758740E+02,  0.072400004,1.598400E+01,  0.072400004,1.617000E+00
314,  0.072600000,-5.753000E+00,  0.072600000,1.749240E+02,  0.072600000,1.600700E+01,  0.072600000,1.989000E+00
315,  0.072800003,-5.764000E+00,  0.072800003,1.740090E+02,  0.072800003,1.604600E+01,  0.072800003,2.347000E+00
316,  0.072999999,-5.767000E+00,  0.072999999,1.730920E+02,  0.072999999,1.606800E+01,  0.072999999,2.706000E+00
317,  0.073200002,-5.777000E+00,  0.073200002,1.721450E+02,  0.073200002,1.611000E+01,  0.073200002,3.077000E+00
318,  0.073399998,-5.781000E+00,  0.073399998,1.712270E+02,  0.073399998,1.613600E+01,  0.073399998,3.437000E+00
319,  0.073600002,-5.783000E+00,  0.073600002,1.703160E+02,  0.073600002,1.616000E+01,  0.073600002,3.795000E+00
320,  0.073799998,-5.792000E+00,  0.073799998,1.693790E+02,  0.073799998,1.620400E+01,  0.073799998,4.162000E+00
321,  0.074000001,-5.802000E+00,  0.074000001,1.684740E+02,  0.074000001,1.625200E+01,  0.074000001,4.517000E+00
322,  0.074199997,-5.811000E+00,  0.074199997,1.675750E+02,  0.074199997,1.630100E+01,  0.074199997,4.870000E+00
323,  0.074400000,-5.822000E+00,  0.074400000,1.665990E+02,  0.074400000,1.635600E+01,  0.074400000,5.253000E+00
324,  0.074599996,-5.828000E+00,  0.074599996,1.657040E+02,  0.074599996,1.640100E+01,  0.074599996,5.604000E+00
325,  0.074800000,-5.838000E+00,  0.074800000,1.647800E+02,  0.074800000,1.645800E+01,  0.074800000,5.967000E+00
326,  0.074999996,-5.847000E+00,  0.074999996,1.638290E+02,  0.074999996,1.651500E+01,  0.074999996,6.341000E+00
327,  0.075200006,-5.855000E+00,  0.075200006,1.629630E+02,  0.075200006,1.656800E+01,  0.075200006,6.682000E+00
328,  0.075400002,-5.863000E+00,  0.075400002,1.620370E+02,  0.075400002,1.662600E+01,  0.075400002,7.047000E+00
329,  0.075600006,-5.867000E+00,  0.075600006,1.611440E+02,  0.075600006,1.667500E+01,  0.075600006,7.400000E+00
330,  0.075800002,-5.884000E+00,  0.075800002,1.602510E+02,  0.075800002,1.675600E+01,  0.075800002,7.751000E+00
331,  0.076000005,-5.888000E+00,  0.076000005,1.592920E+02,  0.076000005,1.681100E+01,  0.076000005,8.132000E+00
332,  0.076200001,-5.895000E+00,  0.076200001,1.584010E+02,  0.076200001,1.687500E+01,  0.076200001,8.484000E+00
333,  0.076400004,-5.905000E+00,  0.076400004,1.575140E+02,  0.076400004,1.694500E+01,  0.076400004,8.836000E+00
334,  0.076600000,-5.917000E+00,  0.076600000,1.565730E+02,  0.076600000,1.702700E+01,  0.076600000,9.208000E+00
335,  0.076800004,-5.925000E+00,  0.076800004,1.556740E+02,  0.076800004,1.709900E+01,  0.076800004,9.565000E+00
336,  0.077000000,-5.930000E+00,  0.077000000,1.548020E+02,  0.077000000,1.716500E+01,  0.077000000,9.913000E+00
337,  0.077200003,-5.937000E+00,  0.077200003,1.539460E+02,  0.077200003,1.723300E+01,  0.077200003,1.025500E+01
338,  0.077399999,-5.944000E+00,  0.077399999,1.530620E+02,  0.077399999,1.730700E+01,  0.077399999,1.060900E+01
339,  0.077599995,-5.954000E+00,  0.077599995,1.522240E+02,  0.077599995,1.739000E+01,  0.077599995,1.094300E+01
340,  0.077799998,-5.966000E+00,  0.077799998,1.513520E+02,  0.077799998,1.748000E+01,  0.077799998,1.129100E+01
341,  0.077999994,-5.974000E+00,  0.077999994,1.505080E+02,  0.077999994,1.756100E+01,  0.077999994,1.163000E+01
342,  0.078199998,-5.989000E+00,  0.078199998,1.496330E+02,  0.078199998,1.766500E+01,  0.078199998,1.197800E+01
343,  0.078399993,-6.002000E+00,  0.078399993,1.488260E+02,  0.078399993,1.776000E+01,  0.078399993,1.230000E+01
344,  0.078600004,-6.015000E+00,  0.078600004,1.479610E+02,  0.078600004,1.786400E+01,  0.078600004,1.264700E+01
345,  0.078800000,-6.029000E+00,  0.078800000,1.471560E+02,  0.078800000,1.796600E+01,  0.078800000,1.296800E+01
346,  0.079000004,-6.047000E+00,  0.079000004,1.463140E+02,  0.079000004,1.808300E+01,  0.079000004,1.330400E+01
347,  0.079200000,-6.061000E+00,  0.079200000,1.455280E+02,  0.079200000,1.818800E+01,  0.079200000,1.361900E+01
348,  0.079400003,-6.075000E+00,  0.079400003,1.446700E+02,  0.079400003,1.830100E+01,  0.079400003,1.396400E+01
349,  0.079599999,-6.094000E+00,  0.079599999,1.438430E+02,  0.079599999,1.842800E+01,  0.079599999,1.429300E+01
350,  0.079800002,-6.108000E+00,  0.079800002,1.430290E+02,  0.079800002,1.854200E+01,  0.079800002,1.462100E+01
351,  0.079999998,-6.124000E+00,  0.079999998,1.422040E+02,  0.079999998,1.866500E+01,  0.079999998,1.495200E+01
352,  0.080200002,-6.140000E+00,  0.080200002,1.413540E+02,  0.080200002,1.879200E+01,  0.080200002,1.529500E+01
353,  0.080399998,-6.161000E+00,  0.080399998,1.405210E+02,  0.080399998,1.893600E+01,  0.080399998,1.562700E+01
354,  0.080600001,-6.176000E+00,  0.080600001,1.396790E+02,  0.080600001,1.906600E+01,  0.080600001,1.596700E+01
355,  0.080799997,-6.195000E+00,  0.080799997,1.388520E+02,  0.080799997,1.920600E+01,  0.080799997,1.630000E+01
356,  0.081000000,-6.213000E+00,  0.081000000,1.380240E+02,  0.081000000,1.934800E+01,  0.081000000,1.663300E+01
357,  0.081199996,-6.229000E+00,  0.081199996,1.371990E+02,  0.081199996,1.948700E+01,  0.081199996,1.696700E+01
358,  0.081400000,-6.253000E+00,  0.081400000,1.363830E+02,  0.081400000,1.964800E+01,  0.081400000,1.729300E+01
359,  0.081600003,-6.265000E+00,  0.081600003,1.355540E+02,  0.081600003,1.978200E+01,  0.081600003,1.763300E+01
360,  0.081800006,-6.282000E+00,  0.081800006,1.346880E+02,  0.081800006,1.993600E+01,  0.081800006,1.798500E+01
361,  0.082000002,-6.309000E+00,  0.082000002,1.339000E+02,  0.082000002,2.011100E+01,  0.082000002,1.829600E+01
362,  0.082200006,-6.330000E+00,  0.082200006,1.331080E+02,  0.082200006,2.027200E+01,  0.082200006,1.861500E+01
363,  0.082400002,-6.351000E+00,  0.082400002,1.322920E+02,  0.082400002,2.043900E+01,  0.082400002,1.894400E+01
364,  0.082600005,-6.372000E+00,  0.082600005,1.315220E+02,  0.082600005,2.060600E+01,  0.082600005,1.925200E+01
365,  0.082800001,-6.397000E+00,  0.082800001,1.307420E+02,  0.082800001,2.078500E+01,  0.082800001,1.956300E+01
366,  0.083000004,-6.415000E+00,  0.083000004,1.298700E+02,  0.083000004,2.096000E+01,  0.083000004,1.992000E+01
367,  0.083200000,-6.442000E+00,  0.083200000,1.290450E+02,  0.083200000,2.116000E+01,  0.083200000,2.024700E+01
368,  0.083399996,-6.470000E+00,  0.083399996,1.282190E+02,  0.083399996,2.136400E+01,  0.083399996,2.057500E+01
369,  0.083600000,-6.489000E+00,  0.083600000,1.274230E+02,  0.083600000,2.154300E+01,  0.083600000,2.089800E+01
370,  0.083799995,-6.510000E+00,  0.083799995,1.266330E+02,  0.083799995,2.172600E+01,  0.083799995,2.121800E+01
371,  0.083999999,-6.533000E+00,  0.083999999,1.257890E+02,  0.083999999,2.193000E+01,  0.083999999,2.155800E+01
372,  0.084199995,-6.556000E+00,  0.084199995,1.250600E+02,  0.084199995,2.211900E+01,  0.084199995,2.184900E+01
373,  0.084399998,-6.581000E+00,  0.084399998,1.243090E+02,  0.084399998,2.231700E+01,  0.084399998,2.214800E+01
374,  0.084599994,-6.602000E+00,  0.084599994,1.235730E+02,  0.084599994,2.250500E+01,  0.084599994,2.244500E+01
375,  0.084799998,-6.627000E+00,  0.084799998,1.227840E+02,  0.084799998,2.271800E+01,  0.084799998,2.275900E+01
376,  0.085000001,-6.659000E+00,  0.085000001,1.220400E+02,  0.085000001,2.294700E+01,  0.085000001,2.304500E+01
377,  0.085200004,-6.688000E+00,  0.085200004,1.212830E+02,  0.085200004,2.317100E+01,  0.085200004,2.334100E+01
378,  0.085400000,-6.715000E+00,  0.085400000,1.205630E+02,  0.085400000,2.338700E+01,  0.085400000,2.362200E+01
379,  0.085600004,-6.744000E+00,  0.085600004,1.198540E+02,  0.085600004,2.361000E+01,  0.085600004,2.389500E+01
380,  0.085800000,-6.775000E+00,  0.085800000,1.190940E+02,  0.085800000,2.384900E+01,  0.085800000,2.418900E+01
381,  0.086000003,-6.809000E+00,  0.086000003,1.184100E+02,  0.086000003,2.408700E+01,  0.086000003,2.444400E+01
382,  0.086199999,-6.841000E+00,  0.086199999,1.177160E+02,  0.086199999,2.432500E+01,  0.086199999,2.470400E+01
383,  0.086400002,-6.876000E+00,  0.086400002,1.170160E+02,  0.086400002,2.457500E+01,  0.086400002,2.496300E+01
384,  0.086599998,-6.908000E+00,  0.086599998,1.162820E+02,  0.086599998,2.482700E+01,  0.086599998,2.524000E+01
385,  0.086800002,-6.942000E+00,  0.086800002,1.155890E+02,  0.086800002,2.507800E+01,  0.086800002,2.549600E+01
386,  0.086999997,-6.972000E+00,  0.086999997,1.148890E+02,  0.086999997,2.532200E+01,  0.086999997,2.576000E+01
387,  0.087200001,-7.007000E+00,  0.087200001,1.142070E+02,  0.087200001,2.558100E+01,  0.087200001,2.600600E+01
388,  0.087399997,-7.039000E+00,  0.087399997,1.135140E+02,  0.087399997,2.583800E+01,  0.087399997,2.626100E+01
389,  0.087600000,-7.074000E+00,  0.087600000,1.128760E+02,  0.087600000,2.609200E+01,  0.087600000,2.648700E+01
390,  0.087799996,-7.103000E+00,  0.087799996,1.122000E+02,  0.087799996,2.633900E+01,  0.087799996,2.673900E+01
391,  0.088000007,-7.139000E+00,  0.088000007,1.115860E+02,  0.088000007,2.659600E+01,  0.088000007,2.695000E+01
392,  0.088200003,-7.163000E+00,  0.088200003,1.109630E+02,  0.088200003,2.682300E+01,  0.088200003,2.718400E+01
393,  0.088400006,-7.178000E+00,  0.088400006,1.103180E+02,  0.088400006,2.703400E+01,  0.088400006,2.744100E+01
394,  0.088600002,-7.214000E+00,  0.088600002,1.097230E+02,  0.088600002,2.729400E+01,  0.088600002,2.764100E+01
395,  0.088800006,-7.233000E+00,  0.088800006,1.091030E+02,  0.088800006,2.751200E+01,  0.088800006,2.788100E+01
396,  0.089000002,-7.251000E+00,  0.089000002,1.085080E+02,  0.089000002,2.772600E+01,  0.089000002,2.811000E+01
397,  0.089200005,-7.272000E+00,  0.089200005,1.078780E+02,  0.089200005,2.795800E+01,  0.089200005,2.835100E+01
398,  0.089400001,-7.293000E+00,  0.089400001,1.072280E+02,  0.089400001,2.820100E+01,  0.089400001,2.859800E+01
399,  0.089599997,-7.309000E+00,  0.089599997,1.066190E+02,  0.089599997,2.842200E+01,  0.089599997,2.883500E+01
400,  0.089800000,-7.329000E+00,  0.089800000,1.059090E+02,  0.089800000,2.868500E+01,  0.089800000,2.910900E+01
401,  0.089999996,-7.346000E+00,  0.089999996,1.052470E+02,  0.089999996,2.892900E+01,  0.089999996,2.936900E+01
402,  0.090200000,-7.373000E+00,  0.090200000,1.045440E+02,  0.090200000,2.921600E+01,  0.090200000,2.962700E+01
403,  0.090399995,-7.394000E+00,  0.090399995,1.038510E+02,  0.090399995,2.949000E+01,  0.090399995,2.988800E+01
404,  0.090599999,-7.418000E+00,  0.090599999,1.031790E+02,  0.090599999,2.976800E+01,  0.090599999,3.013500E+01
405,  0.090799995,-7.440000E+00,  0.090799995,1.024990E+02,  0.090799995,3.004500E+01,  0.090799995,3.039000E+01
406,  0.090999998,-7.479000E+00,  0.090999998,1.018310E+02,  0.090999998,3.037400E+01,  0.090999998,3.060000E+01
407,  0.091199994,-7.496000E+00,  0.091199994,1.011220E+02,  0.091199994,3.065600E+01,  0.091199994,3.087300E+01
408,  0.091400005,-7.531000E+00,  0.091400005,1.004870E+02,  0.091400005,3.096800E+01,  0.091400005,3.107500E+01
409,  0.091600001,-7.559000E+00,  0.091600001,9.982300E+01,  0.091600001,3.127300E+01,  0.091600001,3.130300E+01
410,  0.091800004,-7.593000E+00,  0.091800004,9.920600E+01,  0.091800004,3.158500E+01,  0.091800004,3.149400E+01
411,  0.092000000,-7.625000E+00,  0.092000000,9.854500E+01,  0.092000000,3.190600E+01,  0.092000000,3.170900E+01
412,  0.092200004,-7.660000E+00,  0.092200004,9.797000E+01,  0.092200004,3.221200E+01,  0.092200004,3.187500E+01
413,  0.092399999,-7.698000E+00,  0.092399999,9.736600E+01,  0.092399999,3.253800E+01,  0.092399999,3.204500E+01
414,  0.092600003,-7.735000E+00,  0.092600003,9.676800E+01,  0.092600003,3.286100E+01,  0.092600003,3.221400E+01
415,  0.092799999,-7.777000E+00,  0.092799999,9.623400E+01,  0.092799999,3.317900E+01,  0.092799999,3.233900E+01
416,  0.093000002,-7.812000E+00,  0.093000002,9.562100E+01,  0.093000002,3.350900E+01,  0.093000002,3.251200E+01
417,  0.093199998,-7.859000E+00,  0.093199998,9.502000E+01,  0.093199998,3.387200E+01,  0.093199998,3.264700E+01
418,  0.093400002,-7.891000E+00,  0.093400002,9.444200E+01,  0.093400002,3.418500E+01,  0.093400002,3.280800E+01
419,  0.093599997,-7.936000E+00,  0.093599997,9.391200E+01,  0.093599997,3.451800E+01,  0.093599997,3.291400E+01
420,  0.093800001,-7.968000E+00,  0.093800001,9.326800E+01,  0.093800001,3.486400E+01,  0.093800001,3.309800E+01
421,  0.093999997,-8.020000E+00,  0.093999997,9.270900E+01,  0.093999997,3.523100E+01,  0.093999997,3.319000E+01
422,  0.094200000,-8.056000E+00,  0.094200000,9.213000E+01,  0.094200000,3.556700E+01,  0.094200000,3.333100E+01
423,  0.094400004,-8.104000E+00,  0.094400004,9.157200E+01,  0.094400004,3.592900E+01,  0.094400004,3.342600E+01
424,  0.094600007,-8.142000E+00,  0.094600007,9.102700E+01,  0.094600007,3.626100E+01,  0.094600007,3.354100E+01
425,  0.094800003,-8.181000E+00,  0.094800003,9.046200E+01,  0.094800003,3.660600E+01,  0.094800003,3.365700E+01
426,  0.095000006,-8.213000E+00,  0.095000006,8.991300E+01,  0.095000006,3.692800E+01,  0.095000006,3.378400E+01
427,  0.095200002,-8.258000E+00,  0.095200002,8.934000E+01,  0.095200002,3.729500E+01,  0.095200002,3.388300E+01
428,  0.095400006,-8.298000E+00,  0.095400006,8.883000E+01,  0.095400006,3.762600E+01,  0.095400006,3.396400E+01
429,  0.095600002,-8.335000E+00,  0.095600002,8.828000E+01,  0.095600002,3.796700E+01,  0.095600002,3.406900E+01
430,  0.095799997,-8.375000E+00,  0.095799997,8.773600E+01,  0.095799997,3.831600E+01,  0.095799997,3.416000E+01
431,  0.096000001,-8.414000E+00,  0.096000001,8.719200E+01,  0.096000001,3.866500E+01,  0.096000001,3.424800E+01
432,  0.096199997,-8.452000E+00,  0.096199997,8.670900E+01,  0.096199997,3.898300E+01,  0.096199997,3.431500E+01
433,  0.096400000,-8.489000E+00,  0.096400000,8.625900E+01,  0.096400000,3.928600E+01,  0.096400000,3.436900E+01
434,  0.096599996,-8.524000E+00,  0.096599996,8.572000E+01,  0.096599996,3.962700E+01,  0.096599996,3.446000E+01
435,  0.096799999,-8.567000E+00,  0.096799999,8.524500E+01,  0.096799999,3.995900E+01,  0.096799999,3.449900E+01
436,  0.096999995,-8.603000E+00,  0.096999995,8.475500E+01,  0.096999995,4.028200E+01,  0.096999995,3.456200E+01
437,  0.097199999,-8.636000E+00,  0.097199999,8.427300E+01,  0.097199999,4.059600E+01,  0.097199999,3.462900E+01
438,  0.097399995,-8.675000E+00,  0.097399995,8.381300E+01,  0.097399995,4.091300E+01,  0.097399995,3.466800E+01
439,  0.097599998,-8.713000E+00,  0.097599998,8.336200E+01,  0.097599998,4.122800E+01,  0.097599998,3.469900E+01
440,  0.097800002,-8.753000E+00,  0.097800002,8.293100E+01,  0.097800002,4.153400E+01,  0.097800002,3.471800E+01
441,  0.098000005,-8.788000E+00,  0.098000005,8.250000E+01,  0.098000005,4.183100E+01,  0.098000005,3.474900E+01
442,  0.098200001,-8.818000E+00,  0.098200001,8.210800E+01,  0.098200001,4.209800E+01,  0.098200001,3.478300E+01
443,  0.098400004,-8.850000E+00,  0.098400004,8.172000E+01,  0.098400004,4.236800E+01,  0.098400004,3.480500E+01
444,  0.098600000,-8.880000E+00,  0.098600000,8.131100E+01,  0.098600000,4.264500E+01,  0.098600000,3.483900E+01
445,  0.098800004,-8.913000E+00,  0.098800004,8.090900E+01,  0.098800004,4.292700E+01,  0.098800004,3.485600E+01
446,  0.098999999,-8.947000E+00,  0.098999999,8.059400E+01,  0.098999999,4.316400E+01,  0.098999999,3.484200E+01
447,  0.099200003,-8.975000E+00,  0.099200003,8.025900E+01,  0.099200003,4.340000E+01,  0.099200003,3.485200E+01
448,  0.099399999,-9.009000E+00,  0.099399999,7.988700E+01,  0.099399999,4.366800E+01,  0.099399999,3.485000E+01
449,  0.099600002,-9.040000E+00,  0.099600002,7.958600E+01,  0.099600002,4.389200E+01,  0.099600002,3.483800E+01
450,  0.099799998,-9.064000E+00,  0.099799998,7.929800E+01,  0.099799998,4.409600E+01,  0.099799998,3.484100E+01
451,  0.100000001,-9.106000E+00,  0.100000001,7.900700E+01,  0.100000001,4.433800E+01,  0.100000001,3.478100E+01
452,  0.100199997,-9.125000E+00,  0.100199997,7.868300E+01,  0.100199997,4.454900E+01,  0.100199997,3.481300E+01
453,  0.100400001,-9.159000E+00,  0.100400001,7.833500E+01,  0.100400001,4.480500E+01,  0.100400001,3.479600E+01
454,  0.100599997,-9.181000E+00,  0.100599997,7.807400E+01,  0.100599997,4.499100E+01,  0.100599997,3.479400E+01
455,  0.100800008,-9.192000E+00,  0.100800008,7.780300E+01,  0.100800008,4.516200E+01,  0.100800008,3.483100E+01
456,  0.101000004,-9.222000E+00,  0.101000004,7.743100E+01,  0.101000004,4.542400E+01,  0.101000004,3.483000E+01
457,  0.101200007,-9.254000E+00,  0.101200007,7.720700E+01,  0.101200007,4.560700E+01,  0.101200007,3.478000E+01
458,  0.101400003,-9.261000E+00,  0.101400003,7.681900E+01,  0.101400003,4.583700E+01,  0.101400003,3.486200E+01
459,  0.101599999,-9.283000E+00,  0.101599999,7.657900E+01,  0.101599999,4.601000E+01,  0.101599999,3.485100E+01
460,  0.101800002,-9.303000E+00,  0.101800002,7.628000E+01,  0.101800002,4.621600E+01,  0.101800002,3.485600E+01
461,  0.101999998,-9.312000E+00,  0.101999998,7.594700E+01,  0.101999998,4.641900E+01,  0.101999998,3.491600E+01
462,  0.102200001,-9.322000E+00,  0.102200001,7.562200E+01,  0.102200001,4.662200E+01,  0.102200001,3.496600E+01
463,  0.102399997,-9.337000E+00,  0.102399997,7.534300E+01,  0.102399997,4.680800E+01,  0.102399997,3.498400E+01
464,  0.102600001,-9.341000E+00,  0.102600001,7.496500E+01,  0.102600001,4.703200E+01,  0.102600001,3.507000E+01
465,  0.102799997,-9.334000E+00,  0.102799997,7.464200E+01,  0.102799997,4.720500E+01,  0.102799997,3.518400E+01
466,  0.103000000,-9.371000E+00,  0.103000000,7.440700E+01,  0.103000000,4.740500E+01,  0.103000000,3.510300E+01
467,  0.103199996,-9.361000E+00,  0.103199996,7.404800E+01,  0.103199996,4.759900E+01,  0.103199996,3.523300E+01
468,  0.103399999,-9.375000E+00,  0.103399999,7.372100E+01,  0.103399999,4.781400E+01,  0.103399999,3.526400E+01
469,  0.103599995,-9.369000E+00,  0.103599995,7.333800E+01,  0.103599995,4.803100E+01,  0.103599995,3.538200E+01
470,  0.103799999,-9.366000E+00,  0.103799999,7.302000E+01,  0.103799999,4.821500E+01,  0.103799999,3.547500E+01
471,  0.103999995,-9.364000E+00,  0.103999995,7.273300E+01,  0.103999995,4.838400E+01,  0.103999995,3.555300E+01
472,  0.104200006,-9.349000E+00,  0.104200006,7.229700E+01,  0.104200006,4.862100E+01,  0.104200006,3.572400E+01
473,  0.104400001,-9.348000E+00,  0.104400001,7.209600E+01,  0.104400001,4.874100E+01,  0.104400001,3.577800E+01
474,  0.104600005,-9.345000E+00,  0.104600005,7.167800E+01,  0.104600005,4.899300E+01,  0.104600005,3.589100E+01
475,  0.104800001,-9.334000E+00,  0.104800001,7.144600E+01,  0.104800001,4.911900E+01,  0.104800001,3.598900E+01
476,  0.105000004,-9.320000E+00,  0.105000004,7.101400E+01,  0.105000004,4.936300E+01,  0.105000004,3.615300E+01
477,  0.105200000,-9.307000E+00,  0.105200000,7.080100E+01,  0.105200000,4.947700E+01,  0.105200000,3.625400E+01
478,  0.105400003,-9.288000E+00,  0.105400003,7.035000E+01,  0.105400003,4.973100E+01,  0.105400003,3.644100E+01
479,  0.105599999,-9.281000E+00,  0.105599999,7.006200E+01,  0.105599999,4.990300E+01,  0.105599999,3.653700E+01
480,  0.105800003,-9.271000E+00,  0.105800003,6.966600E+01,  0.105800003,5.014000E+01,  0.105800003,3.667400E+01
481,  0.105999999,-9.255000E+00,  0.105999999,6.927300E+01,  0.105999999,5.036800E+01,  0.105999999,3.683500E+01
482,  0.106200002,-9.227000E+00,  0.106200002,6.888100E+01,  0.106200002,5.058200E+01,  0.106200002,3.704100E+01
483,  0.106399998,-9.224000E+00,  0.106399998,6.854200E+01,  0.106399998,5.080000E+01,  0.106399998,3.713200E+01
484,  0.106600001,-9.188000E+00,  0.106600001,6.822000E+01,  0.106600001,5.095900E+01,  0.106600001,3.736300E+01
485,  0.106799997,-9.178000E+00,  0.106799997,6.769700E+01,  0.106799997,5.129300E+01,  0.106799997,3.752700E+01
486,  0.106999993,-9.140000E+00,  0.106999993,6.735000E+01,  0.106999993,5.147200E+01,  0.106999993,3.777000E+01
487,  0.107200004,-9.134000E+00,  0.107200004,6.686600E+01,  0.107200004,5.179200E+01,  0.107200004,3.790700E+01
488,  0.107400008,-9.101000E+00,  0.107400008,6.645500E+01,  0.107400008,5.202800E+01,  0.107400008,3.814600E+01
489,  0.107600003,-9.081000E+00,  0.107600003,6.603000E+01,  0.107600003,5.229600E+01,  0.107600003,3.833000E+01
490,  0.107799999,-9.056000E+00,  0.107799999,6.552200E+01,  0.107799999,5.261800E+01,  0.107799999,3.855600E+01
491,  0.108000003,-9.037000E+00,  0.108000003,6.508700E+01,  0.108000003,5.290100E+01,  0.108000003,3.873600E+01
492,  0.108199999,-9.020000E+00,  0.108199999,6.458600E+01,  0.108199999,5.323900E+01,  0.108199999,3.892000E+01
493,  0.108400002,-9.001000E+00,  0.108400002,6.401700E+01,  0.108400002,5.362800E+01,  0.108400002,3.912600E+01
494,  0.108599998,-8.975000E+00,  0.108599998,6.348800E+01,  0.108599998,5.398300E+01,  0.108599998,3.936000E+01
495,  0.108800001,-8.951000E+00,  0.108800001,6.287700E+01,  0.108800001,5.440800E+01,  0.108800001,3.959700E+01
496,  0.108999997,-8.923000E+00,  0.108999997,6.227500E+01,  0.108999997,5.482800E+01,  0.108999997,3.985400E+01
497,  0.109200001,-8.914000E+00,  0.109200001,6.174100E+01,  0.109200001,5.522700E+01,  0.109200001,3.999700E+01
498,  0.109399997,-8.891000E+00,  0.109399997,6.106900E+01,  0.109399997,5.572200E+01,  0.109399997,4.023400E+01
499,  0.109600000,-8.872000E+00,  0.109600000,6.048800E+01,  0.109600000,5.615900E+01,  0.109600000,4.043300E+01
500,  0.109799996,-8.861000E+00,  0.109799996,5.980300E+01,  0.109799996,5.669200E+01,  0.109799996,4.060800E+01
501,  0.109999999,-8.829000E+00,  0.109999999,5.918500E+01,  0.109999999,5.715800E+01,  0.109999999,4.088000E+01
